signal,choice,contrast
-0.22442,0,10
0.0063068,1,10
-0.6476,0,8.3333
-0.44638,1,8.3333
0.86845,1,6.9444
-0.39426,0,6.9444
0.30984,1,5.787
-0.5709,0,5.787
-1.0637,0,4.8225
-0.010738,0,4.8225
-0.09238,1,4.0188
0.70752,1,4.8225
0.49297,0,4.8225
-0.27982,0,4.0188
0.56286,0,4.0188
0.51713,0,3.349
0.77531,1,4.0188
-0.42579,1,4.0188
-0.11527,0,3.349
-1.152,0,3.349
0.074606,0,2.7908
0.4659,1,2.7908
-0.083903,0,2.3257
-0.24851,1,2.7908
-0.58619,0,2.7908
0.27698,1,2.5371
0.24471,0,2.5371
-0.068156,1,2.7908
-0.0075882,1,3.0699
-0.47165,0,3.0699
-0.88845,1,2.7908
1.0415,1,2.7908
0.12055,1,2.5371
-0.10752,1,2.7908
-0.12674,1,2.7908
0.59182,1,2.5371
0.10971,0,2.5371
-0.22817,0,2.3065
-0.089914,1,2.5371
0.44069,1,2.5371
-0.21564,1,2.4163
-0.075475,0,2.4163
0.50445,0,2.3012
-0.29351,0,2.4163
0.43287,0,2.4163
-0.67671,0,2.3012
-0.083833,0,2.4163
0.9084,1,2.4163
0.066705,0,2.5371
-0.51078,1,2.664
0.29118,1,2.7972
-0.29293,0,2.7972
1.1618,0,2.664
-0.96509,1,2.7972
0.18946,0,2.7972
0.15043,1,2.664
-0.50582,1,2.664
0.15842,1,2.7972
-0.16743,1,2.7972
0.11082,1,2.664
0.29181,1,2.664
0.094983,1,2.7972
-0.036029,1,2.7972
0.12276,0,2.664
-0.14793,1,2.664
0.56774,1,2.5371
0.005107,1,2.5371
-0.86238,1,2.664
-0.43178,1,2.7972
0.30259,1,2.7972
0.73808,1,2.664
0.29822,1,2.664
-0.041006,1,2.5371
-0.30255,1,2.5371
-0.36094,0,2.664
0.0067659,0,2.664
0.50161,0,2.5371
-0.44091,0,2.664
0.05626,0,2.664
-0.33112,0,2.7972
0.066298,0,2.937
0.25701,0,3.0839
0.28312,1,3.2381
-0.5175,1,3.2381
0.37377,1,3.0839
0.47937,1,3.0839
-0.015082,1,2.937
0.20586,1,2.937
0.60355,1,2.7972
-0.081752,1,2.937
0.014241,0,3.0839
0.075456,1,3.0839
0.56678,1,2.937
-0.61047,1,2.937
0.77749,0,2.7972
-0.12424,1,2.7972
-0.33491,0,2.937
0.70071,1,2.937
-0.16989,1,2.7972
0.26524,0,2.7972
0.12514,0,10
-0.46727,1,10
-0.50472,1,5
-0.029024,1,5
-0.27269,1,2.5
0.23893,1,2.5
0.67218,1,5
0.087814,0,5
-0.139,0,2.5
-0.0061844,0,5
0.17056,1,5
0.91305,1,2.5
0.077428,1,2.5
0.24859,1,1.25
0.090905,0,2.5
0.32183,0,2.5
0.022873,0,3.75
-0.18692,1,3.75
0.55423,0,2.5
-0.21308,0,2.5
-0.082581,0,1.6667
0.064842,1,1.6667
0.48021,1,1.1111
-0.11682,1,1.1111
-0.07273,0,0.74074
0.057728,1,1.1111
-0.062859,0,1.1111
-0.63526,1,0.74074
-0.1751,1,1.1111
0.37202,1,1.1111
0.78077,1,0.88889
0.55779,1,0.88889
-0.72958,0,0.71111
-0.076996,1,0.88889
0.023892,0,0.88889
0.29819,0,0.71111
-1.1537,1,0.71111
0.37619,0,0.88889
-0.64764,0,1.1111
0.57245,0,1.3889
-0.10513,1,1.3889
-0.12061,1,1.7361
-0.24044,1,2.1701
-0.33989,1,2.7127
-0.3047,0,2.7127
0.50323,0,2.1701
-0.74032,0,2.7127
0.61839,1,3.3908
-0.37493,1,3.3908
0.31863,1,4.2386
0.025204,1,4.2386
0.392,0,3.3908
0.35477,0,3.3908
0.50819,0,2.7127
0.23911,0,2.7127
-0.18729,0,2.1701
-0.51622,0,2.7127
-0.70856,0,2.7127
-1.5891,0,2.1701
-0.8119,1,2.1701
-0.21385,0,1.7361
0.71691,0,1.7361
-0.075489,1,1.3889
-0.66412,1,1.3889
-0.58901,1,1.7361
-0.60231,0,1.7361
0.42749,0,1.3889
-0.73923,0,1.7361
0.49,1,2.1701
-0.19767,0,2.1701
0.62554,1,2.7127
0.11748,1,2.7127
-0.95241,0,3.3908
0.051146,0,3.3908
0.2923,0,2.7127
0.32715,0,3.3908
0.234,0,3.3908
-0.33605,0,2.7127
0.31445,0,2.7127
0.066693,1,3.3908
-0.025671,0,3.3908
0.29716,0,2.7127
0.77199,0,3.3908
-0.26714,0,4.2386
0.66811,1,4.2386
-0.19658,0,5.2982
-0.65422,0,5.2982
-0.53745,1,4.2386
-0.62249,1,4.2386
0.49163,1,3.3908
0.33707,1,4.2386
-0.50243,0,4.2386
-0.23171,0,3.3908
0.14042,0,3.3908
0.12491,0,2.7127
0.10009,0,2.7127
0.64694,0,2.1701
0.057504,1,2.1701
0.11869,1,1.7361
0.50749,0,1.7361
-0.12507,0,10
1.0191,1,10
-0.37032,0,5
0.23202,1,5
-0.11818,1,2.5
-0.18562,0,5
-0.54341,1,5
-0.12034,1,2.5
-0.31699,1,2.5
0.26083,1,1.25
-0.29108,1,1.25
-0.07153,1,0.625
0.5818,1,1.25
0.2247,1,1.25
-0.0096757,1,2.5
0.2036,0,5
0.25448,1,5
-0.80452,0,3.3333
0.45361,1,3.3333
-0.74965,1,2.2222
-0.083925,0,3.3333
0.29663,0,5
0.037495,1,7.5
-0.24381,0,7.5
0.48597,1,5
-0.17781,1,5
-0.49866,0,3.3333
-0.52987,1,3.3333
0.24496,1,2.2222
0.11647,0,3.3333
0.51421,0,5
0.86184,1,5
0.019021,0,3.3333
-0.50456,1,3.3333
-0.93615,0,5
-0.8497,0,5
0.65415,0,4
-0.013234,0,5
-0.34079,0,5
-0.82565,0,4
0.0092084,1,4
-0.090839,0,3.2
-0.06708,0,4
0.44894,1,5
-0.22011,0,5
-0.63936,0,4
0.24867,1,4
-0.43056,0,3.2
-0.28019,1,3.2
0.040326,0,2.56
0.72633,0,2.56
-0.11556,0,2.048
0.18376,0,2.56
-0.57114,1,2.56
0.062665,0,2.048
0.51233,0,2.048
0.37042,1,1.6384
0.62419,0,2.048
0.23753,1,2.048
0.4884,0,2.56
0.35568,1,2.56
0.042086,0,2.048
0.36866,0,2.56
-0.48956,1,3.2
0.3047,1,3.2
-0.23105,1,2.56
-0.81117,0,3.2
0.72953,1,3.2
0.85318,0,2.56
-0.0041851,0,3.2
0.52041,0,3.2
0.010179,0,2.56
-0.36245,0,2.56
-1.0067,0,2.048
-0.1108,1,2.048
0.2399,0,1.6384
-0.6166,1,1.6384
0.051008,1,1.3107
0.14901,0,1.3107
0.42523,1,1.0486
-0.23255,1,1.3107
0.2561,0,1.3107
-0.68177,0,1.0486
-0.013484,0,1.0486
0.40873,0,0.83886
-0.48547,1,0.83886
-0.42052,1,1.0486
0.89738,1,1.3107
-0.70156,1,1.3107
0.11332,0,1.6384
-0.022905,0,1.6384
-0.62516,0,2.048
0.071887,1,2.048
-0.2511,1,1.6384
0.060253,1,2.048
-0.69401,1,2.048
0.12835,1,1.6384
0.87408,1,1.6384
0.48542,1,1.3107
-1.1421,1,1.3107
0.51757,0,10
-0.67559,0,10
0.011266,1,5
0.10641,0,5
-0.86589,0,2.5
0.051764,0,2.5
0.017057,1,1.25
0.32024,1,1.25
-0.23381,0,0.625
0.32822,0,0.625
0.1096,0,0.3125
-0.55453,0,0.625
-0.022227,1,1.25
0.50873,1,2.5
-0.094733,1,2.5
0.18496,1,5
0.65105,1,5
0.016305,1,2.5
-0.035724,0,5
-0.25882,0,5
-0.14323,0,3.3333
-0.3997,1,5
0.20635,1,5
0.45715,0,3.3333
-0.20801,1,5
0.31782,0,5
0.31305,0,3.3333
0.45891,1,5
-0.18352,0,5
-0.59092,0,4
0.15301,1,4
0.159,1,3.2
0.34227,1,3.2
-0.37382,0,2.56
-0.0019063,0,3.2
-0.21491,0,3.2
-0.31834,1,2.56
0.52474,1,3.2
-0.52831,1,3.2
-0.13428,1,2.56
0.5438,0,2.56
0.21998,1,2.048
-0.48428,1,2.048
0.081677,1,2.56
-0.18643,0,3.2
0.02626,0,4
0.76387,1,4
0.22337,1,3.2
-0.20943,0,3.2
-0.14063,0,2.56
-0.50495,1,2.56
-0.67981,0,3.2
-0.1408,1,3.2
-0.081399,0,2.56
0.34538,1,2.56
-0.16055,0,2.048
-0.53984,0,2.048
0.37969,1,1.6384
-0.53187,0,2.048
-0.020964,0,2.56
-0.33039,0,2.56
-0.47923,1,2.048
-1.144,0,2.048
0.040418,0,1.6384
-0.22984,0,1.6384
0.030904,1,1.3107
-0.37028,0,1.3107
0.22671,0,1.0486
-0.099576,1,1.3107
-0.32658,0,1.6384
0.25294,1,2.048
-0.70994,1,2.048
-0.031414,1,2.56
0.67428,0,3.2
0.36817,0,4
0.69685,0,4
-0.46005,0,3.2
0.49856,1,3.2
0.26941,1,2.56
0.16182,0,2.56
-0.45883,0,2.048
0.21886,0,2.56
-0.41863,1,3.2
0.25162,0,4
0.31458,0,4
0.61661,0,3.2
-0.31364,1,3.2
-0.30561,0,2.56
0.7872,1,3.2
0.40225,1,3.2
-0.72263,1,2.56
0.55245,0,3.2
-0.14595,1,3.2
0.16121,1,2.56
-0.28171,1,3.2
0.2755,1,3.2
0.064572,1,4
-0.57342,0,4
-0.32537,1,3.2
0.28554,1,3.2
-1.5224,0,10
-0.048113,1,10
-0.97285,0,5
-0.31739,1,5
-0.13405,0,2.5
0.0041363,0,5
-0.37593,0,5
-1.1093,0,10
0.82864,1,10
0.081097,0,5
-0.13558,0,5
-0.39005,0,2.5
0.14525,1,2.5
0.74633,1,1.25
0.081764,1,2.5
0.82208,1,5
-0.2577,1,5
0.33236,0,3.3333
0.12705,0,3.3333
0.53629,1,2.2222
0.22595,1,2.2222
-0.47162,0,1.4815
0.42924,0,2.2222
0.75054,1,3.3333
0.56841,1,3.3333
0.50336,0,2.2222
0.18232,1,3.3333
-0.24749,0,3.3333
-0.38826,0,5
0.31056,1,5
-0.3984,0,4
0.55091,1,4
-0.095219,0,3.2
0.49705,0,4
-0.068358,0,5
-0.45292,0,5
-0.10285,0,4
-0.083894,0,4
-0.67821,0,3.2
0.082366,1,3.2
-0.21729,0,2.56
0.47865,1,3.2
0.067631,0,3.2
0.59537,1,4
-1.2697,0,5
0.39133,0,5
-0.42054,0,4
0.13991,0,4
0.10393,0,5
-1.1826,0,5
0.33294,1,4
0.12879,0,4
-0.11238,0,3.2
0.0053587,0,3.2
0.17988,0,2.56
-0.48279,1,2.56
-0.782,0,2.048
-0.17654,0,2.56
0.79538,0,2.56
0.42638,0,3.2
-0.0037981,1,3.2
-0.63786,0,4
0.24629,1,4
-0.033237,1,3.2
0.13061,1,3.2
0.18259,0,2.56
0.50225,0,3.2
0.48748,0,3.2
0.2955,1,2.56
0.46402,1,3.2
-0.67828,0,3.2
-0.072921,0,4
0.26756,1,4
0.19341,0,3.2
-0.010439,1,3.2
0.81519,1,4
-0.62557,0,4
0.32033,0,3.2
-0.62838,0,3.2
0.31299,0,2.56
-0.3052,0,2.56
-0.64242,0,2.048
0.45622,0,2.048
0.20993,0,1.6384
-0.8348,0,1.6384
0.17683,1,2.048
-0.16591,0,2.048
0.63948,1,1.6384
0.29221,1,2.048
0.062366,1,2.048
0.056586,0,2.56
0.37967,0,2.56
0.42628,0,2.048
-1.0682,1,2.56
0.61688,1,3.2
-0.41926,0,4
0.31909,0,4
-0.15395,1,3.2
-0.17721,0,3.2
0.32476,0,2.56
0.095996,1,10
-0.37742,0,10
-0.5167,0,5
-0.054704,0,5
0.27935,0,2.5
-0.76495,0,5
-0.53507,1,5
0.40022,1,2.5
-0.36924,0,5
-0.32156,0,5
0.5844,0,2.5
0.09964,1,5
0.78869,1,5
-0.065414,1,3.3333
-0.5624,0,5
-0.34821,0,5
-0.22123,0,3.3333
-0.1823,0,3.3333
-0.53954,1,2.2222
0.039861,0,2.2222
0.32884,0,1.4815
-0.30757,0,2.2222
0.26846,0,3.3333
-0.17982,0,3.3333
-0.52649,1,2.2222
0.10111,0,3.3333
-0.33706,0,5
-0.32989,0,5
0.41191,1,4
1.141,1,4
0.2354,0,3.2
-0.26041,0,4
0.15398,1,4
0.074623,0,3.2
-0.32676,0,3.2
-0.060962,1,2.56
0.50197,0,2.56
-0.31023,0,3.2
0.36766,0,3.2
-0.52062,0,2.56
0.33969,0,2.56
-0.12008,0,2.048
0.2075,1,2.56
-0.28882,0,2.56
0.11558,0,2.048
-0.38572,0,2.048
0.85986,1,1.6384
0.20352,0,1.6384
0.24639,1,1.3107
0.024886,0,1.3107
-0.0057731,0,1.6384
-0.56628,1,2.048
0.13369,1,2.56
0.46458,1,2.56
0.30195,1,2.048
0.16492,1,2.048
-0.41862,1,1.6384
0.0041882,0,2.048
0.19667,1,2.048
1.1478,1,1.6384
0.51117,0,1.6384
-0.074175,0,1.3107
-0.59243,0,1.3107
0.55112,0,1.0486
0.13271,1,1.0486
-0.2477,0,0.83886
0.099315,1,0.83886
0.079862,1,0.67109
0.052482,1,0.67109
-0.3934,1,0.53687
-0.98124,1,0.53687
0.3003,0,0.4295
0.39297,0,0.53687
-0.29406,0,0.67109
-0.12555,0,0.67109
0.5691,0,0.83886
-0.29205,0,1.0486
-0.0090549,0,1.0486
0.1159,1,0.83886
0.40298,0,1.0486
0.54187,0,1.0486
0.16489,1,0.83886
-0.034862,0,1.0486
-0.11035,0,1.0486
0.73078,0,1.3107
-0.54955,1,1.6384
-0.55146,1,1.6384
-0.084752,1,1.3107
0.42707,1,1.6384
-0.26262,1,1.6384
0.22132,1,1.3107
0.6866,1,1.6384
0.47893,0,1.6384
-0.42279,0,1.3107
0.28079,0,1.3107
-0.51992,1,1.0486
-0.80592,0,1.3107
0.40109,1,1.6384
-0.49368,0,1.6384
0.32091,0,1.3107
-0.48155,0,10
-0.89322,0,10
-1.0263,0,5
-0.1801,0,5
-0.75761,0,2.5
-0.16443,1,5
-0.22055,1,5
0.015718,1,2.5
-0.25916,0,5
-0.29915,0,5
-0.31134,0,2.5
0.057005,0,2.5
0.41346,0,5
0.24967,0,5
0.049936,0,3.3333
-0.044195,0,5
-0.80289,0,5
-0.14887,0,3.3333
0.37246,0,5
-0.033162,0,5
0.24788,0,3.3333
0.74569,0,5
1.0123,1,7.5
-1.1236,0,7.5
-0.39159,0,6
0.8039,1,6
0.42395,0,4.8
-0.43631,0,4.8
-0.79154,0,3.84
0.80041,0,3.84
0.16812,0,3.072
0.74828,1,3.84
-0.80976,1,3.84
0.56433,1,4.8
0.1668,1,4.8
0.16069,1,3.84
-0.25094,0,3.84
0.16997,1,3.072
-0.40681,1,3.072
0.6664,1,3.84
-0.3415,0,3.84
-0.46192,0,3.072
0.76647,0,3.072
6.4802e-05,0,3.84
-0.046234,1,3.84
-0.54163,0,3.072
0.31117,0,3.072
0.47818,0,2.4576
0.046306,1,3.072
0.067804,1,3.072
0.17105,1,2.4576
0.5147,1,2.4576
-0.13626,0,1.9661
-0.33559,0,1.9661
0.33337,0,1.5729
-0.73791,0,1.5729
-0.24035,1,1.2583
-0.33529,1,1.2583
0.077604,0,1.5729
-0.38387,0,1.9661
0.35604,0,1.9661
0.11738,0,2.4576
0.53548,0,2.4576
-0.81348,0,3.072
-0.56511,1,3.072
0.073471,1,3.84
-0.34198,0,4.8
1.5813,0,4.8
-0.033831,1,3.84
0.42241,1,3.84
-0.11408,0,3.072
-0.039575,0,3.072
-0.26552,0,2.4576
-0.31786,0,2.4576
-0.76813,0,3.072
-0.2153,0,3.072
0.60229,0,2.4576
0.61151,0,3.072
-0.72652,1,3.072
-0.34287,1,3.84
0.40738,1,3.84
-0.6669,0,4.8
-0.0062314,0,4.8
-1.1542,0,6
-0.67027,0,6
-1.0823,0,4.8
0.58928,0,4.8
0.11027,1,3.84
-0.02511,1,3.84
-1.1106,1,3.072
0.22069,1,3.84
0.71296,1,4.8
0.54434,1,4.8
0.73864,1,3.84
-0.32122,1,3.84
0.25455,1,3.072
-0.36955,1,3.072
0.18177,1,3.84
0.24888,1,3.84
-0.24414,1,3.072
0.83526,1,10
1.522,1,10
0.4555,1,5
0.52408,1,5
0.21754,1,2.5
-0.054652,0,2.5
-0.46325,0,5
0.8946,1,10
0.39948,1,10
-1.0063,0,5
0.25009,1,5
0.66605,0,2.5
0.049691,0,2.5
0.19709,1,5
-0.25687,1,5
0.27313,0,2.5
0.46164,1,5
0.089754,1,5
0.0096408,1,3.3333
-0.20026,0,3.3333
0.20429,1,5
0.019911,1,5
-0.43237,0,3.3333
-1.0223,0,3.3333
-0.28899,0,2.2222
-0.41151,0,2.2222
-0.018967,0,3.3333
0.12401,1,5
-0.22467,0,5
0.34039,1,3.3333
-0.86358,1,3.3333
-0.37389,1,2.2222
-0.25298,1,2.2222
-0.9678,1,1.4815
0.37552,1,1.4815
0.065147,1,2.2222
0.14451,1,2.2222
-0.2409,0,2.7778
0.67992,0,2.7778
0.015542,0,3.4722
-0.85418,0,3.4722
-0.13329,0,2.7778
0.27585,1,2.7778
0.29074,1,3.4722
-0.25722,0,3.4722
0.84221,0,2.7778
0.64805,1,3.4722
-0.68188,0,3.4722
0.15471,0,2.7778
0.54275,0,2.7778
0.15267,0,3.4722
-0.78584,0,4.3403
0.24941,0,4.3403
-0.4555,0,3.4722
-0.13199,0,3.4722
0.10395,1,2.7778
0.3499,1,2.7778
0.29034,1,3.4722
-0.51995,1,3.4722
0.26257,1,4.3403
-0.35176,0,4.3403
0.1341,0,3.4722
-0.47054,1,3.4722
0.56093,1,2.7778
0.31093,1,2.7778
0.33549,1,2.2222
-0.11068,1,2.2222
-0.21056,1,1.7778
-0.0028464,0,2.2222
0.048171,0,2.7778
-0.0049673,1,2.7778
-0.26658,1,2.2222
0.20274,1,2.2222
-0.11111,0,1.7778
-0.031448,1,2.2222
0.28528,0,2.7778
0.25846,0,2.7778
-1.0694,0,2.2222
1.173,1,2.2222
0.46748,1,1.7778
-0.2568,0,1.7778
0.12821,0,2.2222
0.2928,1,2.7778
-0.2964,1,2.7778
0.51377,0,3.4722
0.15961,0,3.4722
-0.73303,0,2.7778
0.17923,1,3.4722
-0.24797,0,3.4722
0.60728,0,2.7778
-0.026868,0,2.7778
0.8825,0,2.2222
-0.93617,0,2.2222
-0.21782,0,1.7778
0.79241,0,1.7778
-0.1293,0,2.2222
0.45719,0,2.2222
-0.33063,1,2.7778
-0.052299,0,2.7778
-0.65241,1,3.4722
0.28014,1,10
-0.02708,0,10
0.2962,1,8.3333
0.62075,1,8.3333
1.6106,1,6.9444
-0.036529,0,6.9444
-0.15955,0,5.787
-0.45276,0,5.787
0.24743,1,4.8225
-0.20281,0,4.8225
-0.85551,0,4.0188
-0.32019,0,4.0188
0.26748,1,4.8225
-0.59925,0,4.8225
0.20437,0,4.0188
0.056401,0,4.0188
-0.0084176,0,3.349
0.23322,0,3.349
-0.9865,1,4.0188
-0.13808,1,4.0188
-0.26928,0,3.349
-0.086458,0,3.349
0.16208,0,2.7908
0.6708,0,2.7908
0.57469,1,3.349
-0.61426,1,3.349
0.74386,1,3.0445
-0.32934,1,3.0445
-0.59405,0,3.349
0.24187,1,3.349
0.37289,1,3.0445
0.15631,1,3.0445
0.51868,1,3.349
0.38868,1,3.6839
-0.066281,1,3.6839
-0.58494,0,3.349
0.31156,1,3.349
0.33558,1,3.0445
-0.25516,1,3.0445
0.81763,1,2.7678
-0.087083,1,3.0445
-1.0445,1,3.0445
0.6785,1,3.1968
0.71277,1,3.1968
0.23807,1,3.0445
0.17636,0,3.0445
0.12457,1,2.8995
-0.028728,1,3.0445
0.033806,1,3.0445
-0.57648,1,2.8995
0.6937,1,2.8995
0.2381,1,2.7615
-0.083778,1,2.7615
0.41729,0,2.8995
-0.6638,0,3.0445
-0.035047,0,3.0445
0.18795,0,2.8995
0.012215,0,2.8995
-0.16765,1,2.7615
0.32878,1,2.7615
-0.11033,1,2.8995
0.34507,1,3.0445
0.15561,1,3.0445
0.36488,1,2.8995
0.28793,1,2.8995
-0.55949,1,2.7615
0.77298,1,2.8995
-0.4179,1,2.8995
-0.18496,0,3.0445
-0.453,1,3.0445
-0.18284,1,3.1968
-0.26364,0,3.1968
0.17764,0,3.0445
0.12069,1,3.0445
-1.2101,1,2.8995
-0.081988,0,3.0445
-0.45774,0,3.1968
-0.038275,1,3.1968
-0.020756,1,3.0445
0.7238,0,3.1968
-0.60816,0,3.3566
-0.39739,1,3.3566
0.067869,0,3.1968
-0.10932,1,3.1968
-0.079911,1,3.0445
-0.51111,1,3.0445
-0.13813,1,2.8995
-0.21599,1,2.8995
0.17364,1,3.0445
-0.53846,1,3.0445
-0.34143,1,2.8995
0.11279,1,2.8995
-0.85339,1,2.7615
-0.090637,1,2.7615
-0.049901,1,2.8995
0.007965,0,3.0445
-0.028607,1,3.0445
-0.42296,1,2.8995
-0.68853,1,2.8995
0.51428,1,2.7615
-0.86916,0,10
-0.76576,0,10
-0.35409,1,5
1.5688,1,5
-0.75794,1,2.5
-0.19219,1,5
-0.27923,0,5
-0.51831,1,2.5
0.07367,1,2.5
0.19481,1,1.25
0.35088,1,2.5
0.11057,0,5
-0.29207,0,5
-0.36924,0,2.5
-0.16275,0,2.5
0.20923,1,5
-0.18723,1,5
0.37289,0,3.3333
-0.82136,1,3.3333
0.24454,1,2.2222
0.053737,1,2.2222
-0.046392,1,3.3333
0.19489,1,3.3333
0.26871,1,2.2222
-0.17064,1,3.3333
-0.40215,1,5
0.93212,0,5
0.27105,1,3.3333
0.88473,1,3.3333
-0.15351,0,2.2222
0.15038,0,2.2222
0.65563,1,1.4815
1.0368,0,2.2222
0.098294,0,2.2222
0.10695,1,2.7778
0.93169,1,2.7778
0.018458,1,2.2222
-0.2731,1,2.2222
0.45198,1,1.7778
-0.89872,1,1.7778
0.18101,1,1.4222
0.39532,1,1.7778
-0.10194,1,1.7778
0.13548,1,2.2222
0.10883,1,2.2222
-0.016428,1,2.7778
0.08218,1,3.4722
-0.38167,1,3.4722
-0.76042,1,2.7778
0.49063,1,3.4722
-0.31657,0,3.4722
0.0080258,0,2.7778
-0.7198,0,2.7778
0.40743,1,2.2222
0.11674,1,2.7778
0.27935,1,2.7778
0.82612,0,2.2222
-0.42781,0,2.7778
0.16443,1,3.4722
-0.16458,0,3.4722
0.28427,1,2.7778
-0.19749,1,3.4722
0.46362,1,3.4722
-0.49886,0,2.7778
-0.31088,1,2.7778
0.6181,0,2.2222
-0.17838,0,2.2222
-0.5691,1,2.7778
-0.43661,0,3.4722
0.14635,0,3.4722
-0.46124,0,2.7778
0.79401,0,2.7778
0.68024,0,2.2222
-0.66084,1,2.2222
-0.74015,1,2.7778
-0.27778,0,2.7778
-0.37644,0,2.2222
0.10406,1,2.7778
-1.0481,0,3.4722
0.72643,0,3.4722
0.73744,0,2.7778
0.50601,1,3.4722
0.27458,0,3.4722
-0.15297,1,4.3403
0.72804,0,4.3403
-1.3154,0,3.4722
-0.24761,1,3.4722
0.076945,0,2.7778
-0.040491,0,2.7778
0.018608,0,2.2222
0.27621,0,2.7778
0.00039359,1,3.4722
1.0022,1,3.4722
-0.61144,0,4.3403
0.29681,0,4.3403
0.13169,1,5.4253
0.17178,1,5.4253
-0.0046763,1,4.3403
-0.056895,1,4.3403
0.1404,1,3.4722
1.1275,1,10
0.12386,0,10
-0.58373,0,5
0.61891,1,5
1.3347,1,2.5
1.0318,1,2.5
0.4024,1,5
0.096722,1,5
0.82374,1,2.5
1.266,1,2.5
-0.25606,1,1.25
0.29614,1,1.25
-0.38665,1,2.5
-0.98498,1,2.5
0.17634,1,1.25
-0.057856,0,2.5
-0.30917,1,2.5
-0.01929,1,1.6667
0.045785,1,2.5
-0.42567,1,2.5
-0.21506,1,1.6667
-0.63177,1,2.5
-0.53967,1,2.5
-1.0068,0,1.6667
0.52895,0,1.6667
-0.11076,1,1.1111
-0.21357,1,1.6667
-0.5557,1,2.5
0.68393,1,2.5
-0.38453,1,2
-0.24809,1,2
0.20482,1,1.6
-0.03835,0,2
0.70121,0,2
0.31258,0,1.6
-0.74352,1,2
0.15753,0,2
0.33668,1,2.5
0.068433,0,2.5
-0.56352,0,3.125
-0.50277,0,3.125
-0.36996,0,2.5
0.30507,0,3.125
0.27267,0,3.125
-0.10872,0,3.9062
0.086972,0,4.8828
-0.12835,1,6.1035
-0.55815,0,6.1035
0.38885,0,4.8828
-1.189,1,4.8828
-1.3501,0,3.9062
0.86282,1,3.9062
0.14985,0,3.125
-0.15626,0,3.9062
-0.14616,1,3.9062
0.45073,0,3.125
0.51035,0,3.125
0.65711,0,2.5
-0.61136,0,2.5
-0.80967,0,2
0.45308,0,2
-0.24714,0,1.6
0.14419,0,1.6
-0.50205,0,2
-0.16936,0,2
-0.87488,0,1.6
0.29212,0,1.6
-0.068053,0,1.28
-0.73257,0,1.28
-0.28428,0,1.024
0.01309,0,1.024
-0.51583,0,0.8192
0.078286,0,0.8192
0.35029,0,0.65536
-0.4326,0,0.65536
0.019224,0,0.52429
0.097238,0,0.52429
-0.37538,0,0.41943
-0.24648,0,0.52429
0.32383,0,0.65536
0.60999,1,0.65536
-0.97275,1,0.52429
0.3138,0,0.65536
0.039254,1,0.65536
-0.61336,1,0.8192
0.48133,0,1.024
0.96834,1,1.024
0.49632,1,0.8192
-0.28559,1,1.024
1.0038,1,1.024
0.0623,0,0.8192
-0.2892,1,1.024
0.72135,1,1.024
0.24634,1,1.28
0.26534,1,1.6
-0.41988,0,1.6
0.25116,1,1.28
0.13873,1,1.28
-0.088623,1,1.6
0.040658,1,2
0.29551,1,10
-1.1404,0,10
-0.096217,1,5
-0.0032158,0,5
-0.23086,1,2.5
-0.16488,0,5
0.15078,1,5
0.25395,0,2.5
0.57501,1,5
0.42841,0,5
-0.17082,0,2.5
-0.87189,0,2.5
-0.17186,0,1.25
0.29191,0,2.5
-0.41226,0,2.5
-0.28865,0,3.75
0.14926,0,3.75
-0.70928,0,2.5
-0.32764,1,3.75
-0.30361,1,3.75
-0.13797,1,2.5
-0.039594,0,2.5
-0.12419,1,1.6667
-0.42613,1,2.5
-0.11097,1,2.5
0.55367,1,2
0.12535,1,2
0.40623,1,2.5
0.25703,1,2.5
-1.0291,1,2
0.10561,1,2.5
-0.0099798,1,3.125
0.044065,1,3.125
-0.51906,1,3.9062
-0.76224,0,3.9062
0.53022,0,3.125
-0.27996,0,3.9062
0.03767,0,3.9062
-0.49835,0,3.125
0.40424,1,3.9062
0.3071,1,3.9062
0.15512,0,3.125
-0.75843,0,3.125
0.20219,0,3.9062
0.016954,0,3.9062
-0.26111,0,3.125
0.3809,0,3.125
-0.052615,0,3.9062
-0.52203,0,4.8828
-0.011531,1,4.8828
-0.3971,0,3.9062
-0.78879,0,3.9062
0.44207,0,3.125
-0.83828,1,3.125
0.41214,1,2.5
-0.25275,1,2.5
0.18579,0,2
0.69222,1,2
-0.19885,1,1.6
-0.55064,1,2
-0.29967,1,2
0.51857,0,2.5
0.66068,1,3.125
-0.4407,1,3.125
0.75799,1,2.5
-0.53514,1,2.5
0.47426,1,2
0.34961,1,2.5
-0.37433,1,2.5
0.11441,1,2
0.47666,1,2
0.29311,0,1.6
0.27477,1,1.6
0.45583,1,2
0.9787,1,2
-0.37665,1,2.5
0.15172,0,2.5
0.19981,1,2
0.38069,0,2
0.41538,0,2.5
0.32957,1,3.125
0.7722,1,3.125
0.19495,0,2.5
-0.26871,0,3.125
-0.30718,0,3.9062
0.25447,0,3.9062
-0.096591,1,4.8828
-0.32323,1,4.8828
0.00014565,0,3.9062
0.010638,0,3.9062
-0.0050174,0,3.125
-0.16552,1,3.125
0.2639,1,2.5
0.62013,1,2.5
0.10993,1,2
-0.007128,0,2
0.24223,1,1.6
0.26557,1,1.6
0.26025,1,1.28
-0.13117,1,1.6
0.37075,1,10
0.75338,1,10
-0.79764,0,5
-0.19594,1,5
-0.18434,1,2.5
-0.47295,0,5
-0.76745,0,5
-0.2643,0,2.5
0.042153,0,5
0.4961,0,5
-0.0096837,0,2.5
-0.041484,1,5
-0.13529,1,5
-0.17092,0,3.3333
0.69909,0,3.3333
-0.68337,0,5
0.33949,0,5
-0.099079,1,3.3333
-0.34496,1,3.3333
0.37129,1,5
-0.54426,1,5
-0.13155,1,3.3333
-0.18637,1,3.3333
0.39927,1,2.2222
0.15424,1,3.3333
-0.50178,0,5
0.44789,1,5
0.23358,1,4
-0.0011355,0,4
-0.40617,0,3.2
0.070898,0,3.2
-0.48347,0,4
-0.49669,0,4
0.32131,0,3.2
0.084225,0,3.2
0.3953,0,2.56
-0.023798,0,3.2
1.1904,0,3.2
-0.074702,0,4
-0.6933,0,4
-0.40284,1,5
0.11396,1,5
-0.33822,0,4
0.83528,0,4
0.025986,0,3.2
-0.035074,0,3.2
0.3205,0,2.56
-0.84303,0,2.56
-0.6375,0,3.2
-0.45313,0,3.2
0.69647,0,2.56
-0.43199,0,2.56
0.54864,0,2.048
0.36885,0,2.56
0.82908,1,2.56
-0.77558,1,2.048
-0.58353,1,2.56
0.19157,1,3.2
0.10805,0,3.2
-0.54369,0,2.56
0.085361,1,2.56
-0.15318,1,2.048
0.2526,1,2.048
0.66354,1,1.6384
0.66899,1,2.048
-0.46466,1,2.048
0.42928,1,1.6384
-0.38675,1,1.6384
0.45583,1,2.048
0.62905,1,2.048
0.21852,0,1.6384
0.51542,1,2.048
1.2149,1,2.56
0.76468,1,2.56
-0.1106,1,2.048
-0.7019,1,2.56
0.024202,1,2.56
-0.048516,1,3.2
-0.21496,1,3.2
-0.36394,0,4
0.20131,1,4
0.61813,1,3.2
-0.52023,1,3.2
-0.1696,1,2.56
-0.068621,1,3.2
-0.31517,0,4
0.18881,0,4
-0.58895,1,3.2
-0.072121,0,3.2
0.58545,0,2.56
1.0852,1,3.2
-0.45823,1,3.2
0.44723,1,2.56
0.076827,1,2.56
0.30705,0,2.048
-0.72783,0,2.048
-0.33317,1,2.56
0.15855,0,2.56
0.41951,1,3.2
0.094312,1,3.2
-0.85651,0,10
-0.75761,0,10
-0.23207,0,5
-0.37743,0,5
1.4154,0,2.5
0.13695,0,2.5
-0.13595,1,5
0.13972,1,5
-0.40192,1,2.5
0.62246,1,5
0.24813,0,5
0.30311,0,2.5
-0.54793,1,2.5
0.040415,0,5
0.14791,0,5
0.072366,0,3.3333
-0.34847,1,3.3333
-0.027313,0,2.2222
-0.70144,0,2.2222
-0.098322,0,1.4815
1.1159,0,2.2222
0.26784,0,3.3333
1.3144,1,3.3333
-0.62657,1,2.2222
-0.66268,0,2.2222
-0.46545,0,1.4815
0.20196,0,2.2222
0.48009,1,2.2222
-0.24736,1,1.4815
-0.39456,1,2.2222
-0.018033,1,3.3333
0.5579,1,3.3333
-0.0025772,1,4.1667
-0.028827,0,4.1667
-0.31627,0,3.3333
-0.073988,1,3.3333
0.49877,0,2.6667
1.1467,1,2.6667
-0.086476,1,2.1333
0.30107,1,2.1333
0.33625,1,2.6667
-0.62044,0,2.6667
-0.619,1,2.1333
0.066594,1,2.1333
0.28764,1,1.7067
0.61395,1,2.1333
0.27872,1,2.1333
0.35451,0,1.7067
0.13335,1,2.1333
0.23978,1,2.1333
0.059915,1,1.7067
0.44698,1,1.7067
0.66329,1,2.1333
0.22699,1,2.1333
-0.38523,1,1.7067
0.25088,1,2.1333
0.18996,1,2.6667
0.42401,1,2.6667
0.17311,1,2.1333
1.0793,1,2.6667
0.28845,1,2.6667
0.52305,0,3.3333
0.47024,0,3.3333
0.4325,1,2.6667
-0.35675,1,2.6667
-0.44247,0,3.3333
0.2963,1,4.1667
0.26507,1,5.2083
-0.26622,0,5.2083
0.51024,1,4.1667
0.48343,1,4.1667
-0.31604,1,3.3333
0.20533,1,3.3333
-0.46722,1,2.6667
-0.8226,1,3.3333
0.41212,1,3.3333
-0.38197,1,2.6667
-0.35778,1,2.6667
-0.30406,0,3.3333
0.38129,0,3.3333
-0.27687,1,4.1667
-0.038651,1,4.1667
0.19519,0,3.3333
0.23722,1,3.3333
0.15014,1,4.1667
0.12825,1,5.2083
1.2113,1,5.2083
0.47493,1,4.1667
0.76355,1,4.1667
-0.4333,1,3.3333
0.056408,1,3.3333
-0.33965,1,2.6667
0.14803,1,2.6667
-0.39104,1,2.1333
-0.4621,1,2.6667
0.24207,0,3.3333
-0.56801,0,3.3333
-0.39543,1,2.6667
0.41177,0,3.3333
0.35202,1,4.1667
-0.82579,0,10
0.44514,1,10
0.098304,1,5
0.62625,1,10
0.26475,0,10
-0.53384,0,5
0.76303,0,5
0.87373,0,2.5
-0.64707,0,2.5
-0.075962,0,1.25
0.46473,1,1.25
0.19704,1,0.625
-0.55837,1,0.625
0.043758,1,1.25
0.57667,1,2.5
0.066022,1,2.5
1.0862,1,1.25
0.19142,1,1.25
-0.23516,1,0.625
0.23637,1,0.625
-0.99898,0,1.25
-0.13011,1,2.5
-0.53563,0,5
0.11253,1,5
-0.72771,1,3.3333
-0.46293,0,5
-0.21732,1,5
-0.37999,0,3.3333
0.47984,0,3.3333
-0.32488,1,5
0.4907,1,5
0.91601,1,3.3333
-0.44264,0,3.3333
-0.042413,1,2.2222
0.72565,0,3.3333
-0.066004,1,5
-0.32223,1,5
-0.38337,1,4
0.14537,1,5
0.52359,0,5
0.65473,0,4
0.3828,0,4
0.54775,1,5
-0.031829,1,5
0.10329,0,4
0.36391,1,4
-0.20824,0,3.2
0.1774,1,3.2
0.071522,1,2.56
0.84681,1,3.2
-0.94262,0,3.2
-0.2429,0,2.56
0.27756,0,3.2
-0.97934,0,4
0.19201,1,4
0.37712,1,3.2
-0.34534,0,3.2
0.19731,1,2.56
0.6033,0,2.56
-0.58255,0,2.048
0.10238,0,2.56
4.0155e-05,0,3.2
0.38355,1,4
-0.56476,1,4
0.66861,1,3.2
-0.16125,1,3.2
-0.17262,0,4
-0.18059,1,4
-0.022042,0,3.2
-0.54236,0,4
0.40093,0,4
-0.52214,1,3.2
0.031387,0,3.2
-0.41535,0,2.56
-0.018914,0,2.56
0.021221,1,3.2
-0.081928,0,4
0.013186,0,5
-0.89876,0,5
0.20472,0,4
0.603,0,4
0.13089,1,5
-0.3144,0,5
-0.50646,0,4
0.12794,1,4
-0.24294,1,3.2
0.24712,1,3.2
-0.017069,1,2.56
0.043219,1,2.56
0.059188,1,2.048
0.27086,0,2.048
-0.76179,0,1.6384
-0.58091,0,1.6384
0.12821,0,2.048
-0.50796,1,2.048
0.53753,1,1.6384
0.18225,1,1.6384
0.57528,0,1.3107
-0.73405,1,1.6384
0.26078,1,1.6384
1.1029,1,10
-0.019399,0,10
-0.74606,0,5
-1.0818,0,5
0.1277,0,2.5
-0.12909,1,2.5
-0.34803,0,5
0.25204,0,5
-0.22927,0,2.5
0.20447,0,2.5
-0.094429,0,1.25
0.19519,0,2.5
0.41165,0,2.5
-0.50011,0,1.25
0.32221,0,2.5
0.16006,1,5
-0.27708,1,5
0.71462,1,3.3333
0.27127,1,3.3333
-0.023503,0,2.2222
0.1074,0,2.2222
0.58482,0,1.4815
-0.30144,0,1.4815
-0.46204,1,2.2222
0.36538,1,2.2222
0.44116,1,3.3333
-0.3731,0,3.3333
-0.36565,0,2.2222
0.018277,0,3.3333
-0.22442,0,3.3333
-0.097148,0,2.6667
-0.14879,0,2.6667
0.97737,1,3.3333
0.0030655,1,3.3333
0.39883,1,4.1667
0.01358,1,5.2083
-0.54543,0,5.2083
0.53016,1,4.1667
-0.24059,0,4.1667
-0.33079,0,3.3333
-0.083939,0,3.3333
1.2275,1,4.1667
0.14183,1,4.1667
-0.87607,0,3.3333
-0.77285,0,3.3333
0.25755,0,2.6667
-0.26695,0,3.3333
0.065652,0,3.3333
-0.51416,0,4.1667
0.034873,0,4.1667
-0.65762,0,5.2083
0.28063,1,5.2083
0.43611,1,4.1667
-0.56158,1,5.2083
0.035024,0,5.2083
0.20031,0,4.1667
0.49363,0,5.2083
-0.39751,1,5.2083
0.025366,0,4.1667
0.89566,1,4.1667
-0.50591,0,3.3333
0.1244,0,3.3333
0.52346,0,2.6667
-0.6312,0,3.3333
-0.27147,0,3.3333
0.0038102,0,4.1667
-0.23741,0,4.1667
-0.27882,1,3.3333
-0.084993,0,3.3333
0.7272,0,2.6667
0.55352,1,2.6667
0.62349,0,2.1333
0.57561,0,2.1333
-0.17494,1,2.6667
-0.42441,0,3.3333
-0.047019,1,4.1667
-0.52077,0,4.1667
-0.42224,0,3.3333
-0.30669,0,3.3333
0.16984,0,2.6667
0.23186,0,3.3333
-0.24017,1,3.3333
0.65784,0,2.6667
-0.3765,0,2.6667
-0.44424,1,3.3333
-0.4041,1,4.1667
0.37587,0,4.1667
0.2264,0,3.3333
0.056849,1,3.3333
0.46038,1,2.6667
0.34816,1,2.6667
-0.39218,1,2.1333
-0.44618,1,2.6667
-0.22511,1,2.6667
-0.14552,1,3.3333
0.2611,0,3.3333
0.047315,0,2.6667
0.30275,1,2.6667
0.59265,0,2.1333
-0.12099,0,2.1333
0.66613,1,10
-0.74669,0,10
-0.15333,1,8.3333
-0.59452,0,8.3333
0.62329,1,6.9444
-0.5492,0,6.9444
-0.46505,0,5.787
0.63721,1,5.787
0.48792,1,4.8225
0.082696,0,4.8225
-0.10189,0,4.0188
0.41383,1,4.0188
-0.56477,1,3.349
-0.42418,0,3.349
0.32478,1,2.7908
0.46972,0,2.7908
0.69147,0,2.3257
0.32513,0,2.3257
0.39533,1,1.9381
-0.87294,0,1.9381
-0.38174,0,1.6151
0.44089,0,1.6151
-0.19407,1,1.9381
-0.21929,1,1.9381
1.2079,0,1.6151
0.2291,1,1.9381
-0.26029,0,1.9381
0.24897,0,1.6151
-0.32196,1,1.6151
-0.5639,1,1.3459
-0.50371,1,1.6151
0.28197,0,1.6151
0.69517,0,1.4682
-0.040643,1,1.4682
-0.77277,0,1.3348
-0.69306,0,1.3348
-0.27647,0,1.2134
-0.28402,0,1.2134
0.38248,0,1.1031
0.16252,1,1.1031
0.89126,1,1.0028
-0.509,1,1.1031
0.66189,0,1.2134
0.49712,1,1.2134
0.0016389,1,1.1031
0.29402,0,1.2134
-0.20496,1,1.2134
0.71215,1,1.3348
0.22513,1,1.4682
-0.22985,1,1.4682
0.31717,1,1.3983
0.24248,1,1.3983
-0.52947,1,1.3317
0.15661,1,1.3317
-0.50387,1,1.2683
-0.55962,1,1.3317
0.1291,0,1.3983
0.82407,1,1.4682
-0.039369,1,1.4682
-0.57729,0,1.5416
-0.33229,1,1.5416
-0.22857,1,1.6187
-0.092302,0,1.6187
-0.49243,1,1.6997
-0.39741,1,1.6997
0.40912,1,1.6187
0.060796,1,1.6997
0.44601,1,1.6997
0.22688,1,1.6187
-0.38733,1,1.6187
0.025108,1,1.6997
0.13351,1,1.6997
-0.23337,1,1.7846
0.23784,1,1.7846
0.12829,1,1.6997
-0.94943,1,1.6997
0.10227,1,1.6187
-0.6818,1,1.6997
-0.8472,0,1.6997
-0.034157,1,1.6187
0.25971,0,1.6997
0.040702,1,1.6997
-0.76258,0,1.6187
0.50684,0,1.6187
-0.30915,1,1.6997
0.16904,0,1.7846
-0.065051,1,1.7846
0.50148,1,1.6997
0.045626,1,1.6997
-0.26557,1,1.7846
0.51072,1,1.8739
-0.010533,1,1.8739
-0.65869,0,1.7846
-0.10205,1,1.7846
-0.21932,1,1.6997
0.053906,1,1.6997
-0.047498,1,1.6187
0.13999,1,1.6187
1.4789,1,1.5416
-0.47914,1,1.5416
0.40806,1,10
1.0158,1,10
0.63734,0,5
0.51338,1,5
0.57452,1,2.5
0.020036,1,2.5
0.16736,1,1.25
0.011975,0,1.25
0.15154,0,0.625
0.71439,1,1.25
0.19286,1,1.25
-0.3694,1,0.625
0.44319,0,1.25
0.10727,1,2.5
0.47993,0,2.5
-0.31155,0,1.25
0.17251,1,1.25
0.50415,1,2.5
0.10585,0,2.5
-0.28997,1,1.6667
-1.0003,0,2.5
1.2939,0,2.5
0.28727,1,3.75
-0.6285,0,3.75
0.45425,1,2.5
0.085132,1,2.5
0.23724,1,1.6667
0.51456,1,2.5
0.30878,1,3.75
-0.24525,0,3.75
-0.87612,1,3
0.11304,1,3
0.52019,1,2.4
-0.80495,1,2.4
-0.16821,0,3
0.059473,1,3
0.8024,1,2.4
0.11886,0,2.4
0.47337,0,1.92
-0.27882,0,1.92
0.028277,0,1.536
-0.64005,0,1.92
0.22177,0,1.92
0.25976,0,1.536
0.037234,1,1.92
-0.42842,1,1.92
-0.53603,1,1.536
0.12624,1,1.536
0.67188,0,1.92
-0.075589,1,1.92
0.34057,1,1.536
-0.042943,0,1.92
-0.6797,1,1.92
-0.38939,1,2.4
-0.044345,0,3
0.51966,1,3
0.696,0,2.4
-0.21894,0,2.4
-0.089446,0,1.92
0.74858,0,1.92
-0.56074,0,2.4
0.12835,1,2.4
-0.36923,1,1.92
0.23579,1,1.92
-0.066487,1,1.536
-0.2087,1,1.536
0.29737,1,1.92
-0.044785,1,1.92
-0.19891,0,2.4
0.08629,0,2.4
0.55509,1,3
0.56017,1,3
0.79739,0,2.4
0.09705,0,2.4
0.32786,1,1.92
0.50957,1,1.92
0.19116,0,1.536
0.49973,1,1.536
0.23417,0,1.2288
0.1927,1,1.536
0.10615,1,1.92
0.19336,0,1.92
0.43795,0,2.4
-0.71241,0,2.4
0.006192,0,1.92
-0.17044,0,2.4
0.45321,1,2.4
-0.54809,1,1.92
0.32245,1,2.4
-0.29792,1,2.4
-0.28563,1,1.92
0.53776,1,2.4
-0.39012,1,2.4
0.8594,1,1.92
-0.32217,1,2.4
0.29656,1,3
-0.047756,1,3
0.31723,1,2.4
-0.13018,1,2.4
-0.375,1,3
0.39143,0,10
-0.72465,0,10
0.72842,1,5
0.61413,1,5
0.046786,0,2.5
-0.97013,0,2.5
0.35315,0,1.25
0.56138,0,1.25
-0.065365,0,2.5
0.46065,0,2.5
0.4444,0,5
0.043719,0,5
0.53444,0,2.5
0.059683,0,5
-0.095305,0,5
-0.60579,0,3.3333
0.27247,0,3.3333
-0.026746,1,5
-0.27206,1,5
-0.58062,0,3.3333
-0.33077,0,3.3333
0.4159,0,2.2222
-0.75857,1,2.2222
-0.94611,0,3.3333
0.38251,0,3.3333
0.7001,0,2.2222
-0.41503,1,3.3333
0.32285,1,3.3333
0.24627,0,2.6667
0.12866,1,2.6667
-0.40218,0,2.1333
0.067628,0,2.1333
1.0756,1,2.6667
0.46614,0,2.6667
0.44567,0,2.1333
0.28701,1,2.1333
-0.52883,0,1.7067
0.10966,0,2.1333
-0.099246,0,2.1333
-0.28681,0,1.7067
-0.56969,0,1.7067
-0.33449,0,1.3653
-0.43528,0,1.7067
-0.10066,0,1.7067
0.55965,0,1.3653
0.70952,0,1.3653
-0.02693,0,1.0923
0.079886,1,1.0923
-0.66265,0,0.87381
-0.4383,1,1.0923
-0.89882,0,1.3653
1.331,0,1.3653
-0.24477,0,1.7067
0.30787,0,2.1333
1.0741,1,2.6667
0.28317,0,3.3333
0.46843,0,3.3333
0.22186,0,2.6667
0.49588,0,2.6667
-0.13051,0,3.3333
-0.02734,1,3.3333
-0.12424,1,2.6667
0.97845,1,3.3333
-0.58196,0,3.3333
-0.36309,0,2.6667
-0.1819,0,2.6667
0.38685,0,2.1333
0.03583,0,2.6667
0.50479,1,2.6667
-0.1631,0,3.3333
-0.096436,0,4.1667
0.27039,0,4.1667
-0.69824,0,5.2083
-0.32837,0,5.2083
0.63167,1,4.1667
0.093863,1,4.1667
-0.42843,1,3.3333
0.61452,0,4.1667
0.20471,1,5.2083
-0.54771,0,5.2083
-0.14261,0,4.1667
-0.77317,1,4.1667
-0.84937,1,3.3333
-0.29069,1,3.3333
0.093531,0,2.6667
0.53949,0,2.6667
1.2382,0,2.1333
-0.015206,0,2.1333
0.17725,1,1.7067
0.042769,1,2.1333
-0.52772,1,2.6667
0.76925,0,3.3333
0.38089,0,4.1667
-0.29099,0,4.1667
0.50581,1,5.2083
-1.1456,0,5.2083
0.48053,1,4.1667
0.057814,1,4.1667
-0.094255,0,3.3333
0.26331,1,3.3333
0.035679,0,10
-0.11754,0,10
0.87082,1,5
-0.38713,0,5
0.051854,0,2.5
-0.95708,0,2.5
-0.56298,0,1.25
0.36492,0,1.25
0.61272,0,2.5
-0.45479,0,2.5
0.45678,1,1.25
-0.17674,1,1.25
-0.61339,0,2.5
-0.032702,1,2.5
0.43928,0,1.25
0.12006,1,2.5
-0.061585,0,5
-0.72063,0,5
-0.30369,0,3.3333
0.38962,0,3.3333
0.086461,1,5
-0.98428,0,5
0.75823,1,3.3333
0.26537,1,3.3333
-0.66965,1,2.2222
0.010545,0,2.2222
-0.13777,0,1.4815
0.024182,0,2.2222
0.21751,0,2.2222
-0.59579,1,1.4815
-0.29236,0,2.2222
0.29126,0,3.3333
-0.81449,1,5
0.23329,1,5
-0.42353,1,4
0.18104,1,4
0.17726,1,3.2
-0.89881,0,4
0.55324,0,4
-0.15429,0,3.2
0.15507,0,4
0.18033,1,5
-0.48065,0,5
0.47066,1,4
-0.42792,1,4
-0.13796,1,3.2
-0.34516,1,3.2
0.10674,1,2.56
-0.49112,0,3.2
-0.087007,0,3.2
-0.2617,1,2.56
0.24843,1,2.56
1.1533,1,3.2
-0.10806,0,3.2
-0.28226,0,2.56
-0.5715,1,3.2
-0.20045,0,4
-0.063292,0,4
0.055011,1,3.2
-0.18962,0,3.2
-0.58319,0,2.56
0.50087,0,2.56
0.15159,0,2.048
-0.2431,0,2.56
0.11259,0,2.56
0.23667,0,3.2
0.95678,0,4
0.42458,1,5
-0.12643,0,5
-0.36888,1,4
-0.20069,1,4
-0.32899,0,5
0.1497,1,5
-0.19091,1,4
0.54588,1,4
0.55892,0,3.2
0.69723,1,3.2
0.66133,0,2.56
-0.28159,0,2.56
0.29299,1,2.048
-0.1777,0,2.048
0.9244,0,2.56
-0.67648,1,2.56
-0.93495,0,3.2
0.0034404,1,3.2
0.58861,0,2.56
1.0642,0,2.56
0.65255,0,2.048
0.42354,1,2.048
0.59183,0,1.6384
0.28598,1,2.048
0.28262,0,2.56
0.60187,1,3.2
0.43254,1,3.2
-0.10227,1,2.56
-0.48039,1,2.56
0.32884,0,2.048
-1.0098,1,2.56
0.49038,1,2.56
-0.064985,0,2.048
0.40949,1,10
-0.60774,0,10
-0.049637,0,5
-0.48093,1,5
0.20084,1,2.5
-0.14003,1,5
0.24618,0,5
0.91596,0,2.5
0.40107,0,2.5
0.28132,0,5
-0.2808,0,5
-0.71211,1,2.5
-0.92136,0,2.5
-0.69173,0,1.25
-0.83763,0,1.25
-0.13054,0,2.5
0.60865,0,5
-0.41983,0,10
-0.58493,0,10
1.2416,1,6.6667
-0.53631,0,6.6667
-0.057186,1,4.4444
0.58552,0,4.4444
-1.4731,0,2.963
0.14774,0,2.963
0.54627,0,1.9753
0.095838,1,2.963
-0.23629,1,2.963
-0.84186,0,4.4444
1.0646,1,4.4444
-0.2826,1,2.963
0.75409,0,4.4444
-0.34667,0,4.4444
-0.52339,0,3.5556
-0.27435,1,3.5556
-0.45658,0,2.8444
0.18693,1,2.8444
0.95438,1,3.5556
-0.23489,1,4.4444
0.011065,1,4.4444
0.16109,1,3.5556
0.76317,0,3.5556
0.14717,0,2.8444
-0.42701,1,2.8444
-0.15635,0,2.2756
0.46823,0,2.2756
-0.25853,0,2.8444
-0.03702,0,2.8444
-0.048923,0,3.5556
-0.024723,0,3.5556
0.061062,0,2.8444
0.20486,0,2.8444
0.33575,0,2.2756
0.19627,0,2.8444
-0.44228,0,3.5556
0.24732,0,3.5556
0.19696,1,2.8444
-0.23533,1,2.8444
0.72005,1,2.2756
0.26353,1,2.2756
0.11751,0,2.8444
0.2409,0,3.5556
-0.43238,1,3.5556
0.16881,1,4.4444
-0.30862,0,4.4444
-0.53924,1,3.5556
-0.61473,1,3.5556
-0.23706,0,2.8444
0.12532,1,2.8444
-0.024261,0,2.2756
0.20824,1,2.2756
0.4105,1,2.8444
0.34741,1,2.8444
-0.50211,0,3.5556
-0.13595,0,4.4444
-0.035917,0,4.4444
0.069874,0,5.5556
0.38354,1,5.5556
-0.28768,1,4.4444
0.20061,1,4.4444
0.70586,1,3.5556
-0.094223,0,3.5556
0.26054,0,2.8444
0.94857,1,2.8444
-0.16115,1,2.2756
0.5558,1,2.2756
-0.13932,1,1.8204
0.1321,0,2.2756
-0.20393,1,2.8444
-0.59539,0,2.8444
-0.12406,0,2.2756
-0.20826,0,2.2756
-0.083211,0,2.8444
0.12079,0,3.5556
-0.19239,0,3.5556
-0.0075773,1,2.8444
-0.74959,1,2.8444
-0.50131,0,3.5556
0.43792,1,3.5556
-0.94934,0,4.4444
-0.31334,1,10
1.146,1,10
-0.71348,0,5
1.0056,1,10
-0.080597,1,10
0.0066932,0,5
0.11391,1,5
0.94588,0,2.5
-0.018723,1,5
0.16894,1,5
0.093905,0,2.5
-0.71182,0,5
0.2927,0,5
0.71241,0,3.3333
0.07479,1,3.3333
-0.60693,1,2.2222
0.34673,0,2.2222
0.79979,1,1.4815
-0.35801,0,2.2222
1.0256,0,2.2222
0.3381,0,1.4815
-0.11834,0,1.4815
0.23681,1,0.98765
0.45061,0,1.4815
0.84384,0,1.4815
0.58006,1,2.2222
0.024346,1,3.3333
0.71485,1,3.3333
-0.29303,0,2.6667
0.84913,0,2.6667
-0.27966,1,3.3333
0.023563,0,3.3333
-0.27314,0,2.6667
-1.1163,0,2.6667
-0.57208,0,3.3333
-0.74868,0,3.3333
0.54615,0,2.6667
-0.077527,0,2.6667
-0.11832,1,2.1333
-0.77618,0,2.1333
0.49959,1,2.6667
0.091465,0,2.6667
0.60669,0,2.1333
-0.34497,1,2.6667
-0.37347,1,2.6667
-0.27853,1,3.3333
0.039159,1,3.3333
0.74506,0,2.6667
-0.30675,0,2.6667
0.21625,1,2.1333
0.48174,1,2.1333
0.55927,1,2.6667
-0.069223,0,2.6667
-0.16405,0,2.1333
0.26044,0,2.6667
0.59058,0,2.6667
0.23726,0,2.1333
-0.15529,1,2.6667
-0.64399,0,2.6667
-0.09512,0,2.1333
-0.296,0,2.6667
0.28143,1,3.3333
0.1968,0,3.3333
0.68889,1,4.1667
0.052707,1,4.1667
-0.80243,1,3.3333
0.51913,1,4.1667
0.057387,1,4.1667
-0.46671,1,3.3333
-0.051315,1,4.1667
0.49086,1,4.1667
0.28239,1,3.3333
-0.25092,1,3.3333
-0.19258,1,4.1667
0.057283,1,4.1667
-0.32953,1,3.3333
0.088125,1,3.3333
0.52937,1,4.1667
-0.58981,0,4.1667
0.55537,1,3.3333
0.088661,1,3.3333
-0.073451,1,2.6667
0.15567,0,2.6667
0.44862,1,3.3333
-0.10818,0,3.3333
0.25549,0,2.6667
-1.1837,1,3.3333
0.082703,0,3.3333
-0.095674,0,2.6667
0.21845,0,2.6667
-0.2277,1,3.3333
-0.29306,1,3.3333
-0.13991,1,2.6667
0.20147,0,3.3333
-1.0385,0,4.1667
-0.57847,0,4.1667
-1.1581,0,3.3333
-0.34189,0,3.3333
0.37388,0,2.6667
-0.14653,1,3.3333
-0.12152,0,10
0.053875,1,10
-0.4236,1,5
-0.072731,0,5
-0.048431,0,2.5
-0.14706,1,5
-0.10356,0,5
-0.66162,0,2.5
0.12696,1,5
0.049855,1,5
0.24664,1,2.5
0.25011,1,5
0.31588,1,5
-1.2786,1,3.3333
-0.53074,0,3.3333
1.0857,0,2.2222
0.39515,0,3.3333
0.57724,1,3.3333
0.74738,0,5
-0.70188,0,7.5
0.69891,1,7.5
-0.09722,0,5
0.41052,1,5
0.11769,1,3.3333
-0.13025,0,3.3333
-0.13784,0,2.2222
-0.080766,0,2.2222
0.25598,0,1.4815
0.50605,0,2.2222
0.41473,0,3.3333
0.023897,0,5
0.38888,0,5
0.94821,1,4
-0.85288,1,4
-0.37039,1,3.2
0.068856,1,3.2
0.15519,0,2.56
-0.069604,0,2.56
-0.11018,0,2.048
-0.40833,0,2.048
-0.21616,0,2.56
0.48896,0,2.56
0.10549,1,2.048
-0.22864,0,2.048
-0.94883,0,1.6384
0.55639,0,1.6384
0.25366,1,2.048
0.0027079,1,2.048
-0.20825,1,2.56
0.28414,0,3.2
-0.33147,1,4
0.049162,0,4
0.10944,0,3.2
0.47859,1,3.2
0.0319,1,2.56
-0.34883,1,2.56
0.42418,1,2.048
0.09014,1,2.56
0.16246,1,3.2
-0.43723,1,3.2
0.22258,1,2.56
0.78824,0,2.56
-0.17387,0,2.048
-0.82849,1,2.048
-0.12733,0,1.6384
-0.096448,1,1.6384
0.014348,0,2.048
0.13844,0,2.048
-0.30092,0,1.6384
0.79421,0,2.048
-0.21143,0,2.56
0.16387,0,2.56
0.44309,0,2.048
-0.14691,1,2.56
0.29851,0,2.56
-0.3828,0,3.2
0.17993,0,3.2
-0.0041682,0,2.56
-0.40347,0,3.2
-0.53435,0,3.2
0.17789,1,4
-0.36827,0,4
-0.67904,0,3.2
-0.47964,0,3.2
0.51812,1,2.56
0.102,0,3.2
0.38403,0,4
-0.34188,0,4
-0.49252,0,3.2
-0.16944,1,3.2
0.63693,1,4
-0.3405,1,4
0.34122,0,3.2
0.49625,0,3.2
-0.45695,0,4
-0.074929,0,4
-0.1289,0,3.2
-0.24882,0,4
0.3113,0,4
-0.55785,0,5
-0.71745,0,10
-0.29585,0,10
0.21303,0,5
0.4158,0,5
-0.59025,0,2.5
-0.79766,0,2.5
-0.17913,0,1.25
-0.12807,0,1.25
-1.0155,1,2.5
0.55681,1,5
0.55776,1,5
0.52993,1,2.5
0.51552,1,2.5
-0.34321,1,1.25
0.056835,0,2.5
-0.23124,1,2.5
0.30227,0,1.25
-0.0572,1,1.25
-0.079206,0,2.5
0.37337,0,2.5
-0.38664,1,1.6667
0.91599,0,1.6667
0.25275,0,2.5
-0.24389,0,3.75
0.1771,0,3.75
0.67238,0,2.5
0.25667,0,3.75
0.45331,1,3.75
-0.059193,0,2.5
0.26067,1,2.5
0.13062,0,1.6667
0.043717,0,2.5
-0.26122,0,2.5
0.91062,0,2
0.71827,1,2.5
-1.1284,0,2.5
0.12666,1,2
0.64124,0,2.5
0.37786,1,3.125
-0.44834,1,3.125
0.1441,1,2.5
0.21569,1,2.5
-0.25829,0,3.125
0.38434,0,3.125
0.79695,0,2.5
0.95575,0,3.125
-0.44112,0,3.9062
0.67781,0,3.9062
-0.57912,0,4.8828
-0.10016,1,4.8828
0.75807,1,3.9062
0.8975,1,3.9062
-0.67797,0,3.125
-0.63167,0,3.125
0.012597,0,2.5
0.093677,1,2.5
0.11845,1,3.125
-0.34408,1,3.9062
0.3647,1,4.8828
0.1127,1,4.8828
0.19148,0,3.9062
0.22724,1,3.9062
-0.29072,0,3.125
0.16409,1,3.125
0.33945,1,2.5
0.53549,1,2.5
-0.65522,0,2
-0.52839,0,2
-0.35724,0,2.5
-0.048938,0,3.125
0.88824,1,3.125
0.45001,1,2.5
0.17016,0,3.125
-0.65835,0,3.9062
-0.68561,0,3.9062
0.83686,0,3.125
-0.21344,1,3.9062
-0.30289,1,3.9062
0.77112,1,4.8828
0.14422,1,4.8828
0.5011,0,3.9062
-0.266,1,3.9062
0.081936,0,3.125
0.18402,1,3.125
-0.65428,0,2.5
0.52016,1,2.5
-0.016718,0,3.125
0.026164,0,3.125
0.52283,0,3.9062
-0.10008,1,3.9062
0.11182,0,3.125
0.4812,0,3.125
0.041222,0,2.5
0.27829,0,2.5
0.11189,0,2
-0.33033,0,2
-0.18561,1,2.5
0.35644,0,3.125
-0.31708,0,3.9062
-0.081496,0,3.9062
